{"stats":{"minecraft:crafted":{"minecraft:acacia_wood":3,"minecraft:crafting_table":3,"minecraft:wooden_pickaxe":2,"minecraft:stone_axe":1,"forbidden_arcanus:cherry_planks":12,"minecraft:stick":20,"minecraft:stone_pickaxe":1,"minecraft:wooden_axe":1,"minecraft:stone_sword":1,"minecraft:acacia_planks":28},"minecraft:killed":{"minecraft:pig":5,"enemyexpansion:direwolf":1,"alexsmobs:rattlesnake":1,"minecraft:sheep":2,"minecraft:skeleton":3,"minecraft:zombie":3,"minecraft:chicken":1,"enemyexpansion:botfly":1,"minecraft:cow":2},"minecraft:mined":{"minecraft:crafting_table":3,"minecraft:potted_dead_bush":1,"minecraft:acacia_log":8,"minecraft:dead_bush":1,"minecraft:tall_grass":1,"minecraft:spawner":2,"forbidden_arcanus:thin_cherry_log":3,"minecraft:fire":1,"minecraft:grass":6,"minecraft:bookshelf":5,"forbidden_arcanus:cherry_log":1,"minecraft:vine":3,"minecraft:cobweb":2,"minecraft:stone":15,"minecraft:iron_trapdoor":1},"minecraft:used":{"minecraft:acacia_boat":1,"minecraft:stone_sword":76,"minecraft:stone_pickaxe":9,"minecraft:mossy_stone_brick_stairs":1,"minecraft:wooden_pickaxe":12,"minecraft:iron_sword":13,"minecraft:crafting_table":4,"minecraft:wooden_axe":1,"minecraft:apple":1,"minecraft:bread":6,"minecraft:stone_axe":23},"minecraft:picked_up":{"iter_rpg:spawner_fragment":1,"minecraft:iron_chestplate":1,"minecraft:leather_chestplate":1,"minecraft:crafting_table":3,"minecraft:chicken":1,"minecraft:iron_trapdoor":2,"minecraft:leather":3,"minecraft:potato":5,"undead_unleashed:grave_metal_chestplate":1,"minecraft:acacia_boat":1,"minecraft:string":2,"minecraft:dirt":1,"forbidden_arcanus:thin_cherry_log":3,"minecraft:bone":10,"minecraft:acacia_planks":22,"minecraft:apple":3,"minecraft:wheat_seeds":2,"minecraft:beef":4,"minecraft:stone_pickaxe":1,"undead_unleashed:grave_metal_boots":1,"twigs:twig":2,"minecraft:mossy_stone_brick_stairs":1,"minecraft:iron_sword":3,"forbidden_arcanus:cherry_log":1,"minecraft:iron_boots":3,"minecraft:book":15,"minecraft:stick":5,"apotheosis:gem":3,"patchouli:guide_book":3,"minecraft:acacia_log":11,"minecraft:porkchop":10,"enigmaticlegacy:enigmatic_amulet":3,"undead_unleashed:grave_metal_scrap":3,"minecraft:leather_helmet":1,"alexsmobs:animal_dictionary":1,"minecraft:stone_sword":2,"minecraft:arrow":7,"minecraft:rotten_flesh":12,"minecraft:diamond":5,"minecraft:stone_axe":1,"minecraft:pumpkin_pie":1,"ars_nouveau:worn_notebook":1,"minecraft:chainmail_leggings":1,"minecraft:gray_wool":1,"supplementaries:ash":1,"forbidden_arcanus:spawner_scrap":3,"minecraft:mutton":3,"minecraft:white_wool":1,"minecraft:cobblestone":15},"minecraft:custom":{"enigmaticlegacy:play_time_with_seven_curses":0,"lootr:looted_stat":15,"minecraft:interact_with_furnace":2,"minecraft:mob_kills":22,"enigmaticlegacy:play_time_without_seven_curses":87322,"minecraft:interact_with_crafting_table":8,"minecraft:damage_dealt_resisted":0,"minecraft:leave_game":1,"minecraft:time_since_death":17801,"minecraft:sleep_in_bed":3,"minecraft:climb_one_cm":6490,"minecraft:time_since_rest":14659,"minecraft:sprint_one_cm":154901,"minecraft:damage_taken":4560,"minecraft:walk_one_cm":261612,"minecraft:drop":25,"minecraft:damage_dealt":4431,"minecraft:swim_one_cm":2763,"minecraft:fly_one_cm":14277,"minecraft:crouch_one_cm":1466,"minecraft:play_time":88845,"minecraft:deaths":15,"minecraft:sneak_time":270,"minecraft:walk_under_water_one_cm":2077,"minecraft:boat_one_cm":376,"minecraft:jump":618,"minecraft:walk_on_water_one_cm":14931,"minecraft:total_world_time":88845,"minecraft:fall_one_cm":8233},"minecraft:killed_by":{"undead_unleashed:haunter":4,"minecraft:zombie":8,"aquamirae:maw":1,"undead_unleashed:frenzied_knight":1},"minecraft:dropped":{"undead_unleashed:grave_metal_chestplate":1,"minecraft:wheat_seeds":3,"majruszsaccessories:adventurer_kit":1,"minecraft:cobblestone":10,"minecraft:rotten_flesh":11,"minecraft:iron_boots":2,"undead_unleashed:grave_metal_boots":1,"undead_unleashed:grave_metal_scrap":1,"minecraft:leather_helmet":1,"enigmaticlegacy:cursed_ring":1,"minecraft:stick":4,"minecraft:leather_chestplate":1,"minecraft:hay_block":3,"minecraft:flower_pot":1,"minecraft:iron_trapdoor":2,"aether:chainmail_gloves":1,"minecraft:wooden_axe":1,"forbidden_arcanus:spawner_scrap":1,"minecraft:arrow":6,"minecraft:wooden_pickaxe":1,"enigmaticlegacy:enigmatic_amulet":1,"minecraft:acacia_planks":15}},"DataVersion":3120}