{"stats":{"minecraft:crafted":{"minecraft:oak_planks":12,"minecraft:furnace":1,"aquaculture:fish_fillet_raw":7,"minecraft:diamond":9,"minecraft:bow":1,"minecraft:stone_pickaxe":1,"aquaculture:fish_fillet_cooked":4,"minecraft:wheat":54,"minecraft:crafting_table":3,"minecraft:wooden_pickaxe":2,"minecraft:air":0,"minecraft:acacia_boat":1,"minecraft:bread":18,"minecraft:stick":22,"aquaculture:stone_fillet_knife":1,"minecraft:iron_pickaxe":1,"minecraft:wooden_axe":1,"minecraft:stone_sword":2,"minecraft:acacia_planks":32,"minecraft:torch":4},"minecraft:killed":{"aquaculture:bluegill":3,"aquaculture:smallmouth_bass":2,"alexsmobs:rattlesnake":1,"minecraft:skeleton":3,"minecraft:chicken":1,"minecraft:pig":5,"undead_unleashed:frenzied_knight":1,"minecraft:zombie":20,"ecologics:squirrel":1,"undead_unleashed:haunter":4},"minecraft:mined":{"minecraft:acacia_log":8,"minecraft:chiseled_stone_bricks":1,"minecraft:spawner":1,"minecraft:hay_block":8,"minecraft:furnace":1,"minecraft:diamond_block":1,"minecraft:mossy_stone_brick_stairs":2,"minecraft:stone":21,"minecraft:light_gray_carpet":3,"minecraft:acacia_leaves":3,"minecraft:torch":1,"minecraft:dead_bush":1,"minecraft:cobblestone":1,"minecraft:skeleton_skull":1,"minecraft:cactus":3,"minecraft:stone_brick_stairs":3,"minecraft:grass":4,"minecraft:coal_ore":1,"minecraft:oak_log":3,"minecraft:gravel":2,"minecraft:cobweb":1,"minecraft:cracked_stone_bricks":3,"minecraft:stone_bricks":6,"minecraft:iron_trapdoor":2,"minecraft:fern":1},"minecraft:used":{"minecraft:stone_sword":59,"minecraft:iron_sword":307,"minecraft:torch":5,"minecraft:carrot":1,"ecologics:prickly_pear":1,"minecraft:golden_chestplate":1,"minecraft:wooden_axe":7,"minecraft:stone_brick_stairs":3,"minecraft:bow":4,"minecraft:hay_block":2,"minecraft:furnace":2,"aquaculture:fish_fillet_cooked":7,"minecraft:acacia_boat":1,"minecraft:stone_pickaxe":22,"minecraft:oak_planks":1,"minecraft:wooden_pickaxe":44,"minecraft:leather_boots":1,"minecraft:cracked_stone_bricks":3,"minecraft:crafting_table":4,"majruszsdifficulty:tattered_boots":1,"minecraft:bread":1,"supplementaries:wrench":15,"minecraft:iron_pickaxe":6,"minecraft:golden_helmet":3,"minecraft:stone_axe":2,"minecraft:diamond_sword":42,"minecraft:cobblestone":1,"aquaculture:stone_fillet_knife":2,"alexsmobs:animal_dictionary":1},"minecraft:picked_up":{"minecraft:iron_chestplate":1,"minecraft:iron_trapdoor":2,"minecraft:flower_pot":2,"undead_unleashed:grave_metal_chestplate":1,"minecraft:stone_brick_stairs":3,"enigmaticlegacy:enigmatic_eye":1,"minecraft:string":1,"minecraft:cracked_stone_bricks":3,"aquaculture:bluegill":3,"delightful:acorn":2,"minecraft:iron_nugget":6,"minecraft:furnace":1,"minecraft:iron_boots":2,"minecraft:golden_helmet":1,"minecraft:stick":7,"apotheosis:gem":1,"minecraft:torch":1,"minecraft:acacia_log":8,"minecraft:porkchop":13,"minecraft:carrot":1,"majruszsaccessories:adventurer_kit":3,"minecraft:golden_chestplate":2,"aquaculture:fish_fillet_cooked":7,"minecraft:stone_sword":1,"minecraft:cactus":2,"minecraft:arrow":25,"minecraft:rotten_flesh":34,"aether:chainmail_gloves":3,"minecraft:hay_block":11,"minecraft:skeleton_skull":1,"minecraft:cobblestone":42,"minecraft:oak_log":3,"minecraft:leather_boots":2,"minecraft:bone":3,"minecraft:acacia_planks":26,"minecraft:stone_bricks":6,"minecraft:wheat_seeds":2,"undead_unleashed:grave_metal_boots":3,"twigs:twig":5,"minecraft:acacia_sapling":5,"minecraft:oak_planks":1,"minecraft:mossy_stone_brick_stairs":1,"aquaculture:smallmouth_bass":2,"ecologics:prickly_pear":1,"minecraft:chiseled_stone_bricks":1,"minecraft:gravel":2,"enigmaticlegacy:enigmatic_amulet":3,"undead_unleashed:grave_metal_scrap":4,"minecraft:dead_bush":1,"minecraft:diamond_block":1,"minecraft:leather_helmet":2,"enigmaticlegacy:cursed_ring":1,"minecraft:chainmail_leggings":1,"alexsmobs:rattlesnake_rattle":1,"minecraft:bread":19,"minecraft:light_gray_carpet":3,"minecraft:coal":1,"minecraft:wooden_axe":1},"minecraft:broken":{"minecraft:golden_helmet":1,"minecraft:wooden_pickaxe":1,"minecraft:leather_boots":2,"minecraft:iron_sword":1,"aether:chainmail_gloves":1},"minecraft:custom":{"enigmaticlegacy:play_time_with_seven_curses":2481,"lootr:looted_stat":17,"minecraft:mob_kills":39,"minecraft:interact_with_crafting_table":16,"minecraft:open_barrel":4,"minecraft:damage_dealt_resisted":0,"minecraft:leave_game":2,"minecraft:time_since_death":17396,"minecraft:climb_one_cm":24640,"minecraft:damage_resisted":0,"minecraft:sprint_one_cm":134999,"minecraft:walk_one_cm":187724,"minecraft:drop":34,"minecraft:talked_to_villager":1,"minecraft:play_time":99569,"minecraft:deaths":18,"minecraft:sneak_time":4330,"minecraft:walk_under_water_one_cm":14701,"minecraft:boat_one_cm":1443,"minecraft:jump":798,"minecraft:walk_on_water_one_cm":14304,"minecraft:total_world_time":99569,"minecraft:interact_with_furnace":8,"enigmaticlegacy:play_time_without_seven_curses":96459,"minecraft:sleep_in_bed":5,"minecraft:time_since_rest":14634,"minecraft:damage_taken":5362,"minecraft:damage_dealt":12883,"minecraft:swim_one_cm":29339,"minecraft:fly_one_cm":277035,"minecraft:crouch_one_cm":17060,"minecraft:fall_one_cm":26747},"minecraft:killed_by":{"mowziesmobs:naga":1,"aquamirae:maw":1,"undead_unleashed:frenzied_knight":2,"undead_unleashed:haunter":5,"minecraft:skeleton":2,"minecraft:zombie":5},"minecraft:dropped":{"minecraft:iron_sword":1,"minecraft:porkchop":2,"minecraft:diamond":5,"minecraft:apple":3,"minecraft:mossy_stone_brick_stairs":1,"minecraft:acacia_log":3,"minecraft:stick":13,"ars_nouveau:worn_notebook":1,"minecraft:chainmail_leggings":1,"minecraft:acacia_planks":22,"minecraft:stone_axe":1,"minecraft:golden_chestplate":1,"minecraft:stone_sword":3,"alexsmobs:animal_dictionary":1,"minecraft:oak_planks":1,"minecraft:iron_boots":1,"undead_unleashed:grave_metal_boots":1,"enigmaticlegacy:cursed_ring":2,"patchouli:guide_book":3,"minecraft:chiseled_stone_bricks":1,"supplementaries:ash":1,"minecraft:iron_chestplate":1,"apotheosis:gem":1,"minecraft:stone_pickaxe":2,"enigmaticlegacy:enigmatic_amulet":1,"aquaculture:fish_fillet_cooked":4}},"DataVersion":3120}